group_sha,model,source,inc_items,dec_items,C_pre_inc,C_pre_dec,C_post_inc,C_post_dec,A_pre_inc,A_pre_dec,A_post_inc,A_post_dec,Y0_inc,Y0_dec,dC_pre,dC_post,dA_pre,dA_post,dY0
02a240f095,gemma3-12b,fever,g24a_fever_193540,g24a_fever_193532,-44.34126,-0.0,-40.890475,-0.072655,44.352411,55.535108,40.88304,55.533435,55.552278,55.535196,-44.34126,-40.817819,-11.182697,-14.650396,0.017082
02a240f095,llama31-8b,fever,g24a_fever_193540,g24a_fever_193532,-29.107053,-44.54248,-47.798209,-36.795913,33.221767,38.647355,34.52295,37.918586,59.225245,44.683475,15.435428,-11.002296,-5.425587,-3.395637,14.54177
02a240f095,mistral-small-24b,fever,g24a_fever_193540,g24a_fever_193532,-24.589717,-62.536773,-68.553548,-57.954746,68.468386,39.557826,64.049985,39.639807,30.082506,39.73199,37.947056,-10.598802,28.91056,24.410178,-9.649483
02a240f095,qwen3-8b,fever,g24a_fever_193540,g24a_fever_193532,-0.0,0.0,-0.001132,0.0,77.721147,32.956842,77.721147,32.956842,22.278853,32.956842,-0.0,-0.001132,44.764306,44.764306,-10.677989
02a240f095,qwen35-9b,fever,g24a_fever_193540,g24a_fever_193532,-0.199546,-0.036817,-94.406137,-0.031286,90.078209,33.330548,89.975044,33.31685,9.552324,33.353231,-0.162729,-94.374851,56.74766,56.658195,-23.800907
02c269369d,gemma3-12b,fever,g24a_fever_223774,g24a_fever_223771,-34.095145,1.9e-05,-37.557673,2e-05,33.365415,55.551089,33.348064,55.551093,55.550915,55.551118,-34.095163,-37.557694,-22.185674,-22.203029,-0.000203
02c269369d,llama31-8b,fever,g24a_fever_223774,g24a_fever_223771,-0.501507,-6.014458,-45.275917,-16.846137,23.560431,-1.08162,32.165908,-1.569456,65.328384,0.044265,5.512952,-28.42978,24.642051,33.735364,65.284119
02c269369d,mistral-small-24b,fever,g24a_fever_223774,g24a_fever_223771,-62.989775,-31.814824,-78.025781,-30.315118,45.902563,20.835622,48.354217,20.855119,48.070917,20.909175,-31.174951,-47.710663,25.066941,27.499097,27.161743
02c269369d,qwen3-8b,fever,g24a_fever_223774,g24a_fever_223771,-0.0,-0.0,-0.0,-0.0,99.996808,0.000372,99.996808,0.000372,0.003192,0.000372,-0.0,-0.0,99.996437,99.996437,0.00282
02c269369d,qwen35-9b,fever,g24a_fever_223774,g24a_fever_223771,-0.093553,-0.702058,-98.320364,-0.00526,0.114572,14.614667,0.184027,15.466564,99.594748,15.473133,0.608505,-98.315104,-14.500095,-15.282537,84.121615
0ad89d58b1,gemma3-12b,scifact,g24a_scifact_1035,g24a_scifact_1034,-30.392185,70.849751,-0.094807,55.496157,33.33803,-22.193047,33.333333,-22.179291,55.555555,66.674531,-101.241936,-55.590964,55.531077,55.512624,-11.118975
0ad89d58b1,llama31-8b,scifact,g24a_scifact_1035,g24a_scifact_1034,-44.442769,3.045554,-39.308846,-63.407327,4.961074,63.603796,4.961158,67.928315,83.927851,85.76679,-47.488323,24.098481,-58.642722,-62.967157,-1.838939
0ad89d58b1,mistral-small-24b,scifact,g24a_scifact_1035,g24a_scifact_1034,-63.211554,-25.052733,-86.361601,-16.264553,46.536495,48.568846,48.688639,53.069507,46.239851,63.106212,-38.15882,-70.097048,-2.032351,-4.380868,-16.866361
0ad89d58b1,qwen3-8b,scifact,g24a_scifact_1035,g24a_scifact_1034,-100.0,53.623133,-99.696012,59.748822,32.806386,-19.584548,32.806377,7.583924,67.193614,67.333467,-153.623133,-159.444834,52.390934,25.222453,-0.139854
0ad89d58b1,qwen35-9b,scifact,g24a_scifact_1035,g24a_scifact_1034,0.634244,1.955931,-94.780953,8.011802,91.877898,-2.04798,90.842731,-6.955402,7.454047,10.148279,-1.321688,-102.792755,93.925878,97.798133,-2.694232
0bab0a612e,gemma3-12b,scifact,g24a_scifact_1136,g24a_scifact_1137,-0.063975,-36.485882,-11.070106,-6.784263,22.255723,37.528961,22.236646,33.856876,55.555555,55.555555,36.421907,-4.285843,-15.273238,-11.620229,-0.0
0bab0a612e,llama31-8b,scifact,g24a_scifact_1136,g24a_scifact_1137,-1.38927,-0.780112,-2.741033,0.581687,46.279302,29.708921,47.881189,31.057412,41.067153,45.795344,-0.609158,-3.32272,16.570382,16.823778,-4.728191
0bab0a612e,mistral-small-24b,scifact,g24a_scifact_1136,g24a_scifact_1137,-56.713779,-14.216323,-43.985749,-4.7196,77.922644,47.996663,77.904489,51.012777,8.876685,61.717565,-42.497457,-39.266149,29.925981,26.891711,-52.840879
0bab0a612e,qwen3-8b,scifact,g24a_scifact_1136,g24a_scifact_1137,-11.269904,0.220063,-89.068678,29.049804,89.064265,35.012971,89.255396,34.973108,0.003069,68.31155,-11.489967,-118.118482,54.051294,54.282288,-68.308481
0bab0a612e,qwen35-9b,scifact,g24a_scifact_1136,g24a_scifact_1137,-0.729824,85.235868,-68.013526,-4.192016,78.007021,6.049058,77.587088,80.96993,21.051899,97.413203,-85.965692,-63.82151,71.957963,-3.382842,-76.361304
0f5ba488f4,gemma3-12b,scifact,g24a_scifact_1185,g24a_scifact_1184,-45.176769,-7.537553,-32.909458,1.693818,29.244043,11.843207,28.928157,-0.728904,59.117969,55.634175,-37.639215,-34.603276,17.400836,29.657061,3.483793
0f5ba488f4,llama31-8b,scifact,g24a_scifact_1185,g24a_scifact_1184,4.759528,-24.380088,-35.67805,54.314099,21.459002,-0.019764,20.900217,-6.0897,70.331719,70.163733,29.139615,-89.99215,21.478766,26.989917,0.167987
0f5ba488f4,mistral-small-24b,scifact,g24a_scifact_1185,g24a_scifact_1184,-91.785044,20.767731,-81.037424,3.74187,44.224601,24.330444,46.231328,28.360694,53.646946,51.424374,-112.552774,-84.779294,19.894157,17.870634,2.222572
0f5ba488f4,qwen3-8b,scifact,g24a_scifact_1185,g24a_scifact_1184,-100.0,9.856419,-99.998974,2.870964,23.86706,34.440084,23.86706,40.412972,76.13294,77.682708,-109.856419,-102.869937,-10.573023,-16.545912,-1.549769
0f5ba488f4,qwen35-9b,scifact,g24a_scifact_1185,g24a_scifact_1184,-0.359652,-0.406515,-96.863568,-3.437715,58.338292,82.510675,57.453116,82.931583,41.658067,90.936129,0.046862,-93.425853,-24.172383,-25.478467,-49.278062
130ca6d4a1,gemma3-12b,scifact,g24a_scifact_1000,g24a_scifact_990,54.198277,-55.824675,-34.893562,0.007733,-33.999122,55.52029,9.077256,55.520298,55.555555,55.555555,110.022953,-34.901295,-89.519413,-46.443042,-0.0
130ca6d4a1,llama31-8b,scifact,g24a_scifact_1000,g24a_scifact_990,-34.25025,-93.22999,-42.462213,-29.826606,54.855925,43.480367,55.883455,42.475862,34.948836,46.59551,58.97974,-12.635607,11.375557,13.407593,-11.646674
130ca6d4a1,mistral-small-24b,scifact,g24a_scifact_1000,g24a_scifact_990,-41.965367,-29.068357,-60.51064,4.894746,8.718746,54.959465,12.076714,53.958677,76.586173,59.239234,-12.89701,-65.405385,-46.24072,-41.881963,17.346938
130ca6d4a1,qwen3-8b,scifact,g24a_scifact_1000,g24a_scifact_990,2.880242,8e-06,-57.476214,7e-06,-9.943224,58.029527,-11.176663,58.029527,89.044966,58.029535,2.880235,-57.476221,-67.972751,-69.20619,31.015431
130ca6d4a1,qwen35-9b,scifact,g24a_scifact_1000,g24a_scifact_990,-70.925532,-0.01423,-89.611763,-0.04906,-0.856422,99.37701,-1.673718,99.380909,99.555017,99.393158,-70.911302,-89.562702,-100.233433,-101.054627,0.161858
16327e7b59,gemma3-12b,scifact,g24a_scifact_805,g24a_scifact_802,-18.025858,-4.665397,-36.999665,8.616791,23.866275,57.426373,23.201419,52.581348,65.019856,63.672812,-13.360461,-45.616456,-33.560098,-29.379929,1.347044
16327e7b59,llama31-8b,scifact,g24a_scifact_805,g24a_scifact_802,0.004282,-3.583479,-44.889697,-22.206412,1.353927,53.187846,2.947943,37.912486,87.954651,60.103909,3.587761,-22.683286,-51.833919,-34.964543,27.850741
16327e7b59,mistral-small-24b,scifact,g24a_scifact_805,g24a_scifact_802,-18.395282,1.191497,-79.824493,7.709331,30.011905,25.506827,30.379897,25.842103,59.909297,33.812755,-19.58678,-87.533824,4.505078,4.537794,26.096542
16327e7b59,qwen3-8b,scifact,g24a_scifact_805,g24a_scifact_802,-0.450539,0.0,-90.533786,0.0,22.222144,42.461115,14.78299,42.461115,75.750827,42.461115,-0.450539,-90.533786,-20.238972,-27.678125,33.289712
16327e7b59,qwen35-9b,scifact,g24a_scifact_805,g24a_scifact_802,-92.394982,-0.183133,-63.491465,1.440434,10.060058,25.640198,9.650689,24.153368,89.278692,25.677432,-92.211849,-64.931899,-15.58014,-14.502679,63.601261
167f30ddc2,gemma3-12b,scifact,g24a_scifact_39,g24a_scifact_40,-4.021858,-0.082143,0.139582,1.041966,4.870821,55.566608,0.022772,55.57322,88.882772,66.667684,-3.939715,-0.902384,-50.695787,-55.550449,22.215088
167f30ddc2,llama31-8b,scifact,g24a_scifact_39,g24a_scifact_40,0.209716,7.010589,0.803873,6.439461,4.324036,-13.280715,3.889086,-14.526193,85.57499,71.846847,-6.800873,-5.635588,17.604751,18.415279,13.728143
167f30ddc2,mistral-small-24b,scifact,g24a_scifact_39,g24a_scifact_40,-19.475624,-26.120428,-44.654408,-4.391527,25.28188,70.940214,18.169473,70.34652,71.573271,77.453881,6.644804,-40.262881,-45.658334,-52.177046,-5.88061
167f30ddc2,qwen3-8b,scifact,g24a_scifact_39,g24a_scifact_40,-0.021392,0.783854,-99.999901,24.66218,15.305732,85.630588,15.305732,61.752218,84.694243,86.414442,-0.805246,-124.662081,-70.324856,-46.446486,-1.720199
167f30ddc2,qwen35-9b,scifact,g24a_scifact_39,g24a_scifact_40,0.226048,-0.017945,-59.537647,-18.180481,1.296133,84.164929,1.562747,82.029442,98.409909,84.181772,0.243993,-41.357166,-82.868796,-80.466695,14.228137
191c8c6d12,gemma3-12b,scifact,g24a_scifact_912,g24a_scifact_910,-33.425426,7.577169,-86.53227,8.381274,33.354731,46.911579,33.335494,46.911583,55.555555,55.548279,-41.002595,-94.913544,-13.556848,-13.576088,0.007277
191c8c6d12,llama31-8b,scifact,g24a_scifact_912,g24a_scifact_910,-0.385883,45.781603,-37.819924,-73.226586,1.198939,-59.589306,4.339794,0.515083,89.032804,19.327003,-46.167486,35.406662,60.788244,3.82471,69.705801
191c8c6d12,mistral-small-24b,scifact,g24a_scifact_912,g24a_scifact_910,-64.804361,-35.565522,-73.494063,-40.753807,44.340551,41.138659,45.360131,43.714031,46.277114,50.15299,-29.238839,-32.740256,3.201892,1.646101,-3.875876
191c8c6d12,qwen3-8b,scifact,g24a_scifact_912,g24a_scifact_910,-0.0,100.0,-1.098887,100.0,100.0,-99.999729,100.0,-99.999729,0.0,0.000271,-100.0,-101.098887,199.999729,199.999729,-0.000271
191c8c6d12,qwen35-9b,scifact,g24a_scifact_912,g24a_scifact_910,-0.500412,0.00158,-86.429206,-19.737837,-0.002038,85.495995,-0.094006,85.490401,99.544923,85.514562,-0.501992,-66.691369,-85.498033,-85.584408,14.030361
206f9579ad,gemma3-12b,scifact,g24a_scifact_1348,"g24a_scifact_1347,g24a_scifact_379",-0.262407,-10.545852,-84.550773,-4.104218,20.905636,22.352581,20.890738,9.80572,67.991097,61.117073,10.283445,-80.446555,-1.446945,11.085018,6.874024
206f9579ad,llama31-8b,scifact,g24a_scifact_1348,"g24a_scifact_1347,g24a_scifact_379",-1.444723,-38.001106,-39.452795,-6.422438,1.137563,51.386876,3.86269,6.552446,88.567606,62.201885,36.556383,-33.030356,-50.249312,-2.689756,26.365722
206f9579ad,mistral-small-24b,scifact,g24a_scifact_1348,"g24a_scifact_1347,g24a_scifact_379",-70.803775,-1.510077,-88.989473,2.137979,1.570726,56.580729,6.180779,57.539093,87.367097,68.045321,-69.293698,-91.127452,-55.010003,-51.358314,19.321776
206f9579ad,qwen3-8b,scifact,g24a_scifact_1348,"g24a_scifact_1347,g24a_scifact_379",-99.999916,66.70492,-99.999998,21.499503,3.564682,16.618496,3.564683,61.823918,96.435317,83.323423,-166.704836,-121.499501,-13.053814,-58.259235,13.111894
206f9579ad,qwen35-9b,scifact,g24a_scifact_1348,"g24a_scifact_1347,g24a_scifact_379",-5.104104,3.262665,-94.971333,-7.178599,0.815855,47.589146,0.3897,51.006503,98.288965,51.035909,-8.366769,-87.792734,-46.773291,-50.616803,47.253056
23e2026256,gemma3-12b,scifact,g24a_scifact_1125,g24a_scifact_1126,-20.536715,-22.075145,6.666561,-7.228969,32.497,53.919369,22.554259,60.825459,55.549086,65.020388,1.53843,13.895531,-21.422369,-38.2712,-9.471302
23e2026256,llama31-8b,scifact,g24a_scifact_1125,g24a_scifact_1126,0.739035,-3.175795,-43.265437,-33.564359,43.764678,59.791638,48.400376,53.858398,46.029919,66.462398,3.91483,-9.701079,-16.02696,-5.458022,-20.432479
23e2026256,mistral-small-24b,scifact,g24a_scifact_1125,g24a_scifact_1126,-45.064494,-35.06742,-44.011577,-33.011854,45.627709,58.305237,43.093377,57.671313,45.870531,67.560499,-9.997074,-10.999723,-12.677529,-14.577936,-21.689968
23e2026256,qwen3-8b,scifact,g24a_scifact_1125,g24a_scifact_1126,-0.255334,-0.0,-1.117428,0.0,44.475972,77.822857,44.475972,77.822857,55.524028,77.822857,-0.255334,-1.117428,-33.346885,-33.346885,-22.298829
23e2026256,qwen35-9b,scifact,g24a_scifact_1125,g24a_scifact_1126,-10.847582,-80.408417,-59.241785,-31.627515,38.473049,86.612058,38.534903,84.033042,60.831698,93.728849,69.560835,-27.61427,-48.13901,-45.49814,-32.89715
2872aac67b,gemma3-12b,scifact,g24a_scifact_681,g24a_scifact_683,1.634522,-0.002274,-0.000199,11.048451,22.257605,66.64995,22.257609,55.613366,66.641389,66.666641,1.636797,-11.04865,-44.392345,-33.355757,-0.025252
2872aac67b,llama31-8b,scifact,g24a_scifact_681,g24a_scifact_683,-2.265493,-1.784896,-46.143753,43.275296,20.248729,-13.385715,18.949869,-15.969727,73.497132,76.785748,-0.480597,-89.41905,33.634444,34.919595,-3.288616
2872aac67b,mistral-small-24b,scifact,g24a_scifact_681,g24a_scifact_683,-61.344337,-3.890288,-78.32845,-22.576652,39.021072,44.396592,40.743985,44.652454,56.345399,52.29725,-57.454049,-55.751798,-5.37552,-3.908469,4.048149
2872aac67b,qwen3-8b,scifact,g24a_scifact_681,g24a_scifact_683,0.0,100.0,-0.0,100.0,11.205585,-3.564687,11.205585,-3.564687,88.794415,96.435312,-100.0,-100.0,14.770273,14.770273,-7.640898
2872aac67b,qwen35-9b,scifact,g24a_scifact_681,g24a_scifact_683,0.315841,0.053284,-95.951665,0.518293,7.56218,-90.190653,5.818933,9.187125,90.822707,9.742349,0.262558,-96.469958,97.752833,-3.368192,81.080357
295d1e6d1a,gemma3-12b,fever,g24a_fever_16224,g24a_fever_47403,-33.265302,3.695754,-0.575206,24.733863,0.053258,77.805287,0.25056,8.6323,88.893545,88.882907,-36.961056,-25.309069,-77.752029,-8.381739,0.010638
295d1e6d1a,llama31-8b,fever,g24a_fever_16224,g24a_fever_47403,4.134443,-64.716049,-40.430707,-1.499976,-8.602719,45.015416,-4.76916,-26.64828,93.67209,61.845808,68.850492,-38.930732,-53.618135,21.879119,31.826282
295d1e6d1a,mistral-small-24b,fever,g24a_fever_16224,g24a_fever_47403,-82.938343,-31.443867,-13.223817,-31.367234,10.889647,21.088068,8.949852,16.275435,88.933528,21.32847,-51.494476,18.143417,-10.198421,-7.325583,67.605059
295d1e6d1a,qwen3-8b,fever,g24a_fever_16224,g24a_fever_47403,-0.0,-2e-06,-44.018198,-30.179325,0.0,56.289053,0.0,56.289053,100.0,56.289053,2e-06,-13.838874,-56.289053,-56.289053,43.710947
295d1e6d1a,qwen35-9b,fever,g24a_fever_16224,g24a_fever_47403,-98.911578,0.066637,-97.890258,-28.792872,0.622807,20.551555,0.042686,14.864575,99.069959,20.636122,-98.978215,-69.097386,-19.928748,-14.821889,78.433837
2af684783a,gemma3-12b,fever,"g24a_fever_120681,g24a_fever_112438",g24a_fever_45374,-0.002026,0.000387,-5.343994,0.00011,38.925052,1.061066,38.925116,1.061563,61.074675,1.061802,-0.002413,-5.344104,37.863986,37.863553,60.012873
2af684783a,llama31-8b,fever,"g24a_fever_120681,g24a_fever_112438",g24a_fever_45374,-8.31006,81.057547,-65.662854,52.862264,54.794969,-61.648235,54.357468,-64.635179,43.170418,30.384395,-89.367607,-118.525118,116.443204,118.992647,12.786023
2af684783a,mistral-small-24b,fever,"g24a_fever_120681,g24a_fever_112438",g24a_fever_45374,-91.437404,-42.652291,-91.88274,-6.827128,58.207784,14.945177,58.334386,15.081743,41.588907,15.13239,-48.785113,-85.055612,43.262607,43.252643,26.456516
2af684783a,qwen3-8b,fever,"g24a_fever_120681,g24a_fever_112438",g24a_fever_45374,-0.0,1e-06,-9.160853,5e-06,14.569295,70.861011,14.569295,70.861007,85.430705,70.861012,-1e-06,-9.160857,-56.291716,-56.291712,14.569693
2af684783a,qwen35-9b,fever,"g24a_fever_120681,g24a_fever_112438",g24a_fever_45374,-0.122677,1.56529,-91.582207,0.844277,91.332068,69.894247,91.222661,69.474176,8.618378,72.249324,-1.687967,-92.426485,21.437822,21.748486,-63.630946
2ef7066db4,gemma3-12b,fever,g24a_fever_43041,g24a_fever_101716,-38.906256,-55.396084,-43.381712,-6.768766,60.818951,34.943567,65.315072,34.943296,33.625487,34.94381,16.489827,-36.612947,25.875385,30.371776,-1.318324
2ef7066db4,llama31-8b,fever,g24a_fever_43041,g24a_fever_101716,-43.664084,-14.379098,-42.68336,-45.813581,60.620914,44.706619,62.551186,47.045754,34.441418,47.223971,-29.284986,3.130221,15.914295,15.505432,-12.782553
2ef7066db4,mistral-small-24b,fever,g24a_fever_43041,g24a_fever_101716,-55.488165,-19.112398,-58.178745,-28.577958,13.661418,10.503437,13.677784,10.490763,86.090518,10.559917,-36.375767,-29.600787,3.157981,3.187021,75.5306
2ef7066db4,qwen3-8b,fever,g24a_fever_43041,g24a_fever_101716,-54.309825,0.0,-91.874425,0.0,87.562134,-0.0,91.874419,-0.0,7e-06,0.0,-54.309825,-91.874425,87.562134,91.874419,7e-06
2ef7066db4,qwen35-9b,fever,g24a_fever_43041,g24a_fever_101716,-0.286136,-45.699357,-87.062176,11.086704,74.139809,0.780483,73.056004,-8.883046,23.679936,2.216475,45.413221,-98.148881,73.359326,81.93905,21.463461
3784e1e225,gemma3-12b,scifact,g24a_scifact_222,g24a_scifact_221,0.002535,-0.299386,-33.598946,10.662841,22.23957,55.543216,22.23808,44.627841,66.651874,66.653271,0.301922,-44.261787,-33.303646,-22.389762,-0.001396
3784e1e225,llama31-8b,scifact,g24a_scifact_222,g24a_scifact_221,0.930295,2.737328,-91.026615,-25.530611,46.025571,26.497827,47.948857,21.931727,44.454637,41.988791,-1.807033,-65.496005,19.527744,26.01713,2.465846
3784e1e225,mistral-small-24b,scifact,g24a_scifact_222,g24a_scifact_221,-84.529732,-46.222032,-59.241157,-22.120331,61.448257,42.375193,61.26615,42.231763,29.679198,54.018483,-38.3077,-37.120825,19.073064,19.034387,-24.339285
3784e1e225,qwen3-8b,scifact,g24a_scifact_222,g24a_scifact_221,-0.0,0.0,0.0,0.0,31.306678,64.639708,31.306678,64.639708,68.693322,64.639708,-0.0,-0.0,-33.333029,-33.33303,4.053613
3784e1e225,qwen35-9b,scifact,g24a_scifact_222,g24a_scifact_221,-0.051851,-0.032308,-96.232651,-4.339646,75.639392,97.564177,76.752514,97.102944,23.216589,97.581958,-0.019544,-91.893004,-21.924785,-20.35043,-74.365369
3c940c4ab6,gemma3-12b,scifact,g24a_scifact_120,g24a_scifact_119,-12.797954,4.639698,-26.95239,1.317586,21.158065,44.246005,21.186233,44.37193,56.612769,55.157382,-17.437652,-28.269976,-23.08794,-23.185698,1.455387
3c940c4ab6,llama31-8b,scifact,g24a_scifact_120,g24a_scifact_119,-3.277337,20.266293,-50.312867,6.746059,23.903569,15.790051,26.694614,33.516899,56.53788,45.198892,-23.54363,-57.058927,8.113518,-6.822285,11.338988
3c940c4ab6,mistral-small-24b,scifact,g24a_scifact_120,g24a_scifact_119,-63.622161,-5.091494,-76.196101,0.200451,34.367574,14.194061,43.786366,15.336471,41.463045,15.968732,-58.530667,-76.396552,20.173513,28.449896,25.494313
3c940c4ab6,qwen3-8b,scifact,g24a_scifact_120,g24a_scifact_119,0.643487,-1e-06,-97.525543,-0.000104,10.267698,24.692241,30.857045,24.692241,66.668501,24.692241,0.643488,-97.525438,-14.424543,6.164805,41.97626
3c940c4ab6,qwen35-9b,scifact,g24a_scifact_120,g24a_scifact_119,-1.513471,-0.001469,-97.904691,-3.006051,12.451993,18.917708,11.924983,16.856893,86.003262,18.967612,-1.512002,-94.89864,-6.465715,-4.93191,67.03565
418c9c7ded,gemma3-12b,fever,g24a_fever_137414,"g24a_fever_99144,g24a_fever_110276",-44.484448,-2e-06,-44.550348,-0.001443,44.499793,27.854864,44.499869,27.854862,55.499957,27.854875,-44.484445,-44.548904,16.644929,16.645007,27.645082
418c9c7ded,llama31-8b,fever,g24a_fever_137414,"g24a_fever_99144,g24a_fever_110276",0.423262,0.175919,-1.0644,-15.331697,90.143449,-0.307279,90.662108,-0.669043,8.651624,0.37513,0.247343,14.267297,90.450729,91.331151,8.276494
418c9c7ded,mistral-small-24b,fever,g24a_fever_137414,"g24a_fever_99144,g24a_fever_110276",-65.511766,-4.839818,-81.662292,-4.726441,99.813849,26.35328,99.86877,26.509938,0.084098,26.55818,-60.671948,-76.935851,73.460568,73.358832,-26.474083
418c9c7ded,qwen3-8b,fever,g24a_fever_137414,"g24a_fever_99144,g24a_fever_110276",-0.0,0.0,0.0,0.0,2e-06,22.873906,2e-06,22.873906,99.999998,22.873906,-0.0,0.0,-22.873903,-22.873903,77.126092
418c9c7ded,qwen35-9b,fever,g24a_fever_137414,"g24a_fever_99144,g24a_fever_110276",-0.320806,0.000258,-1.039656,-0.094453,1.991298,7.339642,1.591589,7.275545,97.535863,7.4683,-0.321064,-0.945202,-5.348344,-5.683956,90.067563
46ea5012c1,gemma3-12b,fever,g24a_fever_5972,g24a_fever_104021,-3.561836,2.3e-05,-27.067029,0.000459,44.583417,45.420566,44.260676,45.420124,55.413628,45.420604,-3.561859,-27.067488,-0.837148,-1.159448,9.993024
46ea5012c1,llama31-8b,fever,g24a_fever_5972,g24a_fever_104021,-55.353903,-25.695599,-44.3986,-51.556725,45.298405,23.581462,44.773245,43.400181,52.183623,43.509494,-29.658303,7.158125,21.716943,1.373064,8.674129
46ea5012c1,mistral-small-24b,fever,g24a_fever_5972,g24a_fever_104021,-49.078359,-40.487588,-60.521413,-31.863726,88.261434,24.996921,88.385421,25.110712,11.552679,25.239485,-8.590771,-28.657687,63.264512,63.27471,-13.686806
46ea5012c1,qwen3-8b,fever,g24a_fever_5972,g24a_fever_104021,-0.000158,0.0,-0.00468,0.0,100.0,-0.0,100.0,-0.0,0.0,0.0,-0.000158,-0.00468,100.0,100.0,0.0
46ea5012c1,qwen35-9b,fever,g24a_fever_5972,g24a_fever_104021,-0.72117,0.00629,-60.8172,0.005006,99.662074,-0.01276,99.702588,-0.017894,0.001221,0.002459,-0.72746,-60.822206,99.674834,99.720482,-0.001237
4763290d52,gemma3-12b,fever,g24a_fever_2739,g24a_fever_96710,-9.156816,-46.900106,2.471951,-53.844134,3.240084,57.979192,1.091326,64.970915,96.434223,66.615897,37.74329,56.316085,-54.739108,-63.879589,29.818326
4763290d52,llama31-8b,fever,g24a_fever_2739,g24a_fever_96710,-35.687017,-4.958788,-1.99077,48.864301,86.992228,15.798779,89.370645,-71.180755,4.341843,27.130973,-30.728229,-50.855071,71.19345,160.5514,-22.789129
4763290d52,mistral-small-24b,fever,g24a_fever_2739,g24a_fever_96710,-14.109884,-8.314792,-43.610101,-35.778321,31.310397,70.929887,32.202845,73.202909,67.484543,77.667626,-5.795092,-7.83178,-39.61949,-41.000064,-10.183083
4763290d52,qwen3-8b,fever,g24a_fever_2739,g24a_fever_96710,-87.976123,-0.0,7e-06,0.0,-11.955128,0.0,-7e-06,0.0,100.0,0.0,-87.976123,7e-06,-11.955128,-7e-06,100.0
4763290d52,qwen35-9b,fever,g24a_fever_2739,g24a_fever_96710,-0.296184,-7.92561,-1.032523,-15.81514,2.269507,90.080828,2.303672,88.974623,96.554493,92.371983,7.629427,14.782617,-87.811321,-86.670951,4.18251
4bc72d9ea8,gemma3-12b,scifact,g24a_scifact_235,g24a_scifact_233,-18.324318,-44.413691,-20.880267,4.876938,47.979939,55.990374,49.279969,51.208839,33.362477,67.19322,26.089373,-25.757204,-8.010436,-1.92887,-33.830743
4bc72d9ea8,llama31-8b,scifact,g24a_scifact_235,g24a_scifact_233,-24.574769,78.667822,-51.071859,-21.674934,42.03405,-40.867057,47.308763,22.293779,51.361394,47.088266,-103.242591,-29.396925,82.901108,25.014984,4.273129
4bc72d9ea8,mistral-small-24b,scifact,g24a_scifact_235,g24a_scifact_233,-63.939741,-36.221767,-68.60142,50.386954,68.833132,82.652168,70.050712,0.389915,20.813219,90.907143,-27.717974,-118.988374,-13.819036,69.660797,-70.093923
4bc72d9ea8,qwen3-8b,scifact,g24a_scifact_235,g24a_scifact_233,-0.044743,-1e-06,0.001757,0.0,-0.000504,72.91,-0.00176,72.91,100.0,72.91,-0.044742,0.001757,-72.910504,-72.91176,27.09
4bc72d9ea8,qwen35-9b,scifact,g24a_scifact_235,g24a_scifact_233,-0.244199,0.370825,-73.705888,-31.545494,43.406788,96.948519,43.029625,97.2203,56.032878,97.578066,-0.615025,-42.160393,-53.541731,-54.190675,-41.545188
4c0fc60923,gemma3-12b,fever,g24a_fever_211775,g24a_fever_211799,-44.472948,-55.510793,-2.250755,-0.001163,13.135786,88.887306,11.813575,88.888798,86.861944,88.888886,11.037845,-2.249593,-75.75152,-77.075223,-2.026942
4c0fc60923,llama31-8b,fever,g24a_fever_211775,g24a_fever_211799,-1.48741,-53.256333,-9.793755,7.466888,2.503232,89.56905,5.26663,88.001309,93.884889,95.671011,51.768923,-17.260643,-87.065818,-82.734678,-1.786122
4c0fc60923,mistral-small-24b,fever,g24a_fever_211775,g24a_fever_211799,-69.297574,-34.114041,-77.221696,-24.560234,18.58616,5.920734,18.564036,5.951815,81.155017,6.016391,-35.183533,-52.661462,12.665426,12.612221,75.138626
4c0fc60923,qwen3-8b,fever,g24a_fever_211775,g24a_fever_211799,-0.0,0.0,-0.0,0.0,0.000113,100.0,0.000113,100.0,99.999887,100.0,-0.0,-0.0,-99.999887,-99.999887,-0.000113
4c0fc60923,qwen35-9b,fever,g24a_fever_211775,g24a_fever_211799,-0.107604,-11.597311,-95.47564,-3.469239,0.239739,24.750393,0.048439,22.950481,99.661747,26.039093,11.489707,-92.006401,-24.510655,-22.902042,73.622655
53ae76df8c,gemma3-12b,fever,g24a_fever_93273,g24a_fever_32505,-0.009498,15.221133,-47.072226,93.535031,0.010112,-34.720478,0.008038,-37.942969,99.989697,55.810534,-15.230631,-140.607256,34.73059,37.951006,44.179163
53ae76df8c,llama31-8b,fever,g24a_fever_93273,g24a_fever_32505,-4.770609,60.523336,-49.626932,16.159414,76.728569,-1.474736,76.393928,-1.000527,19.626861,87.852498,-65.293944,-65.786347,78.203305,77.394456,-68.225637
53ae76df8c,mistral-small-24b,fever,g24a_fever_93273,g24a_fever_32505,-81.610859,9.357475,-73.91619,37.259583,97.410551,55.1819,97.371526,8.783428,2.192277,67.717951,-90.968334,-111.175773,42.228651,88.588098,-65.525674
53ae76df8c,qwen3-8b,fever,g24a_fever_93273,g24a_fever_32505,-0.0,-11.554396,-99.999961,21.374925,96.16169,-15.867441,96.16169,-23.229456,3.83831,29.355296,11.554396,-121.374886,112.029131,119.391146,-25.516986
53ae76df8c,qwen35-9b,fever,g24a_fever_93273,g24a_fever_32505,-0.262711,4.508033,-96.513134,59.007781,98.93338,-40.171159,98.612167,-58.985441,0.589775,3.307712,-4.770744,-155.520915,139.10454,157.597608,-2.717938
5cd5ff81d8,gemma3-12b,scifact,g24a_scifact_217,g24a_scifact_216,-32.429639,-43.514559,-13.112924,9.052731,33.312012,44.380151,24.248938,44.857428,55.555555,55.555555,11.084919,-22.165654,-11.06814,-20.60849,0.0
5cd5ff81d8,llama31-8b,scifact,g24a_scifact_217,g24a_scifact_216,-91.002523,4.376886,-42.709517,48.716852,53.87871,14.443455,56.177853,-31.00565,37.539386,63.737096,-95.379409,-91.426369,39.435256,87.183504,-26.19771
5cd5ff81d8,mistral-small-24b,scifact,g24a_scifact_217,g24a_scifact_216,-44.971083,2.271395,-74.502538,6.798288,61.930907,19.93713,61.38849,19.580357,28.900944,26.728592,-47.242478,-81.300826,41.993777,41.808133,2.172351
5cd5ff81d8,qwen3-8b,scifact,g24a_scifact_217,g24a_scifact_216,-29.752923,99.98447,-99.978591,92.949072,77.354213,-77.919593,77.349484,-70.86881,22.629108,22.080263,-129.737392,-192.927663,155.273805,148.218294,0.548845
5cd5ff81d8,qwen35-9b,scifact,g24a_scifact_217,g24a_scifact_216,-1.58141,-0.028226,-98.474681,0.005251,6.216235,5.062224,6.144067,5.056916,93.326352,5.108779,-1.553183,-98.479932,1.154012,1.087151,88.217573
5d3d709fe5,gemma3-12b,scifact,g24a_scifact_55,g24a_scifact_54,0.060074,-36.669265,-33.257686,-9.384658,22.16048,32.009636,22.181414,31.360389,66.633118,43.138317,36.72934,-23.873028,-9.849157,-9.178975,23.494801
5d3d709fe5,llama31-8b,scifact,g24a_scifact_55,g24a_scifact_54,-1.466657,0.343786,-76.97985,5.011778,32.392271,11.293441,35.310226,35.18093,57.767265,43.563078,-1.810443,-81.991628,21.09883,0.129295,14.204187
5d3d709fe5,mistral-small-24b,scifact,g24a_scifact_55,g24a_scifact_54,-47.705918,-23.354893,-76.851635,8.202023,22.76817,14.349917,23.443866,5.470276,66.043751,15.091194,-24.351025,-85.053659,8.418252,17.97359,50.952557
5d3d709fe5,qwen3-8b,scifact,g24a_scifact_55,g24a_scifact_54,-0.007741,56.418318,-25.209957,56.025745,11.310726,-10.662208,11.310366,-10.274292,88.68913,45.75611,-56.426059,-81.235703,21.972934,21.584658,42.933019
5d3d709fe5,qwen35-9b,scifact,g24a_scifact_55,g24a_scifact_54,-0.451363,-0.069057,-92.329785,-0.011156,8.607713,11.251345,8.782885,11.23992,90.844131,11.293251,-0.382306,-92.318629,-2.643632,-2.457034,79.55088
6cc40aed98,gemma3-12b,scifact,g24a_scifact_668,g24a_scifact_669,0.412263,-44.692313,-0.015002,1.635196,22.635405,44.761949,22.63569,44.445763,66.255391,55.547401,45.104577,-1.650198,-22.126544,-21.810073,10.70799
6cc40aed98,llama31-8b,scifact,g24a_scifact_668,g24a_scifact_669,-0.240552,8.445241,-3.534091,59.64173,39.092817,28.204216,41.509371,-32.170656,50.940269,49.112818,-8.685793,-63.175822,10.888602,73.680027,1.827451
6cc40aed98,mistral-small-24b,scifact,g24a_scifact_668,g24a_scifact_669,-71.52745,-1.016506,-70.482455,-9.763549,19.837616,36.422568,20.188636,42.607778,70.523622,44.725383,-70.510944,-60.718905,-16.584952,-22.419142,25.798238
6cc40aed98,qwen3-8b,scifact,g24a_scifact_668,g24a_scifact_669,-1e-06,0.0,-22.316163,-0.0,0.000391,54.494776,0.000392,54.494776,99.999607,54.494776,-1e-06,-22.316163,-54.494385,-54.494384,45.504831
6cc40aed98,qwen35-9b,scifact,g24a_scifact_668,g24a_scifact_669,0.024933,-1.484216,-97.721035,-0.088052,-0.181487,6.210164,-0.211263,7.554394,99.296759,7.585936,1.509149,-97.632983,-6.391651,-7.765658,91.710822
6e220295f9,gemma3-12b,fever,g24a_fever_154542,g24a_fever_106478,-11.233264,-0.00226,-2.475011,-0.031103,33.394563,54.71146,33.337466,54.711435,55.552312,54.711549,-11.231004,-2.443908,-21.316897,-21.373969,0.840763
6e220295f9,llama31-8b,fever,g24a_fever_154542,g24a_fever_106478,0.609012,0.663575,-35.874712,49.107708,31.877749,-55.117581,31.518383,-57.533836,62.900574,3.711971,-0.054562,-84.98242,86.99533,89.052218,59.188604
6e220295f9,mistral-small-24b,fever,g24a_fever_154542,g24a_fever_106478,-93.536981,-27.246384,-66.84671,-29.773151,90.849485,31.208177,90.717189,30.170224,9.022947,31.309099,-66.290598,-37.073559,59.641308,60.546965,-22.286152
6e220295f9,qwen3-8b,fever,g24a_fever_154542,g24a_fever_106478,0.0,3.034124,-0.0,25.289977,77.078273,37.921676,77.078273,15.198095,22.921727,40.956512,-3.034124,-25.289977,39.156597,61.880178,-18.034785
6e220295f9,qwen35-9b,fever,g24a_fever_154542,g24a_fever_106478,-0.068841,-0.003392,-96.01346,-0.021288,76.248307,32.477178,75.871005,32.473054,22.861987,32.48017,-0.06545,-95.992173,43.771128,43.397951,-9.618183
730b3fd4b4,gemma3-12b,scifact,g24a_scifact_1231,g24a_scifact_1232,-18.587698,-9.084254,-84.263739,0.832722,30.291787,53.29857,32.797227,54.482661,55.032762,55.325546,-9.503445,-85.096462,-23.006783,-21.685435,-0.292785
730b3fd4b4,llama31-8b,scifact,g24a_scifact_1231,g24a_scifact_1232,-30.665911,-4.839236,-74.620484,5.032028,52.719693,27.145945,54.164494,24.326015,36.198383,30.215076,-25.826674,-79.652512,25.573748,29.838479,5.983307
730b3fd4b4,mistral-small-24b,scifact,g24a_scifact_1231,g24a_scifact_1232,-65.071839,-31.693744,-80.452348,4.269609,34.234422,24.802131,44.154021,24.796904,53.994275,29.719587,-33.378095,-84.721957,9.432291,19.357117,24.274688
730b3fd4b4,qwen3-8b,scifact,g24a_scifact_1231,g24a_scifact_1232,0.09528,0.0,-99.941993,3e-05,10.98841,66.645327,33.24791,66.645296,66.694087,66.645327,0.09528,-99.942023,-55.656917,-33.397386,0.048761
730b3fd4b4,qwen35-9b,scifact,g24a_scifact_1231,g24a_scifact_1232,0.57284,0.209694,-96.38939,-3.440021,32.193944,16.425069,31.866715,15.228589,66.171156,18.101396,0.363146,-92.949368,15.768874,16.638126,48.06976
7686390b19,gemma3-12b,fever,g24a_fever_18752,g24a_fever_787,-0.722382,-0.002561,5.488558,-0.000392,36.900943,0.058069,38.891815,0.058072,55.552608,0.058075,-0.719821,5.48895,36.842874,38.833743,55.494534
7686390b19,llama31-8b,fever,g24a_fever_18752,g24a_fever_787,-2.178322,0.268929,-41.674053,-2.794394,2.279953,27.67825,3.090005,25.230801,92.035173,29.042122,-2.447251,-38.879659,-25.398297,-22.140796,62.993051
7686390b19,mistral-small-24b,fever,g24a_fever_18752,g24a_fever_787,-48.289631,-4.236884,-84.566664,-1.326682,17.501752,31.513118,16.298152,31.515269,81.110108,31.571812,-44.052747,-83.239982,-14.011366,-15.217117,49.538295
7686390b19,qwen3-8b,fever,g24a_fever_18752,g24a_fever_787,-5.9e-05,0.0,-0.0,0.0,22.267384,30.603631,22.267437,30.603631,77.732563,30.603631,-5.9e-05,-0.0,-8.336247,-8.336194,47.128932
7686390b19,qwen35-9b,fever,g24a_fever_18752,g24a_fever_787,0.139954,0.166583,-72.746576,-0.005197,0.004476,31.921381,-0.562335,32.086997,99.10917,32.090007,-0.026629,-72.741379,-31.916905,-32.649332,67.019163
76b97884b2,gemma3-12b,fever,g24a_fever_201095,g24a_fever_201114,-10.696146,-0.669846,-49.719781,-0.014129,33.346869,54.773765,33.346775,54.768999,66.652602,54.773785,-10.0263,-49.705652,-21.426896,-21.422225,11.878817
76b97884b2,llama31-8b,fever,g24a_fever_201095,g24a_fever_201114,-2.798596,1.934497,-43.972721,-31.648162,11.132899,23.488934,12.926712,14.932775,86.599018,25.636494,-4.733093,-12.324559,-12.356035,-2.006063,60.962524
76b97884b2,mistral-small-24b,fever,g24a_fever_201095,g24a_fever_201114,-75.279995,-35.04778,-91.642501,-32.510793,93.59357,10.074264,93.584339,9.989703,6.327767,10.766361,-40.232215,-59.131708,83.519306,83.594637,-4.438594
76b97884b2,qwen3-8b,fever,g24a_fever_201095,g24a_fever_201114,-0.0,0.0,-4.06135,-1e-06,74.213513,0.038948,74.213513,0.038948,25.786487,0.038948,-0.0,-4.06135,74.174565,74.174565,25.747539
76b97884b2,qwen35-9b,fever,g24a_fever_201095,g24a_fever_201114,-0.816779,-0.045727,-63.48229,-12.11302,97.298781,10.244203,97.680535,10.196679,1.289262,10.287517,-0.771052,-51.36927,87.054579,87.483855,-8.998255
816626b7c4,gemma3-12b,scifact,g24a_scifact_1367,g24a_scifact_1370,-1.103625,-0.001414,-0.009211,0.029847,0.043068,9.46997,0.006522,9.444876,77.779125,20.576568,-1.102211,-0.039058,-9.426902,-9.438355,57.202557
816626b7c4,llama31-8b,scifact,g24a_scifact_1367,g24a_scifact_1370,-12.559447,-29.839242,-33.18182,-27.801165,31.424144,10.150925,24.897515,12.203174,56.432949,31.128385,17.279795,-5.380655,21.273219,12.694341,25.304564
816626b7c4,mistral-small-24b,scifact,g24a_scifact_1367,g24a_scifact_1370,-53.194743,-30.58131,-87.795988,-35.824663,12.824923,59.450752,17.612946,59.031127,71.024163,68.539138,-22.613433,-51.971325,-46.625829,-41.418181,2.485025
816626b7c4,qwen3-8b,scifact,g24a_scifact_1367,g24a_scifact_1370,-27.577941,0.0,-96.435271,-0.0,23.346853,47.868425,19.981971,47.868425,76.4533,47.868425,-27.577941,-96.435271,-24.521573,-27.886454,28.584875
816626b7c4,qwen35-9b,scifact,g24a_scifact_1367,g24a_scifact_1370,-1.097054,-2.987937,-86.643608,-41.278862,4.708553,14.537259,4.502826,11.148731,93.948749,14.580787,1.890883,-45.364746,-9.828706,-6.645905,79.367962
82a409f17e,gemma3-12b,fever,"g24a_fever_183417,g24a_fever_183411",g24a_fever_183420,-2.820801,-21.280739,-6.57535,17.070632,5.816789,34.085137,6.721161,8.759311,88.683137,88.563221,18.459937,-23.645982,-28.268348,-2.03815,0.119916
82a409f17e,llama31-8b,fever,"g24a_fever_183417,g24a_fever_183411",g24a_fever_183420,-2.171697,-37.380328,-33.32231,-53.179108,7.335887,72.746434,8.955665,75.199132,88.39588,91.088507,35.208631,19.856799,-65.410548,-66.243466,-2.692627
82a409f17e,mistral-small-24b,fever,"g24a_fever_183417,g24a_fever_183411",g24a_fever_183420,-68.133573,-23.848354,-65.806001,-13.969191,12.112819,76.239007,12.322614,71.704098,87.543585,87.841507,-44.285219,-51.836811,-64.126188,-59.381484,-0.297922
82a409f17e,qwen3-8b,fever,"g24a_fever_183417,g24a_fever_183411",g24a_fever_183420,-0.0,15.701389,-5e-06,-33.631021,5.8e-05,41.323808,5.8e-05,34.029472,99.999942,99.999959,-15.701389,33.631016,-41.32375,-34.029414,-1.7e-05
82a409f17e,qwen35-9b,fever,"g24a_fever_183417,g24a_fever_183411",g24a_fever_183420,-0.196227,-1.686019,-59.418011,-17.136157,39.094701,90.029098,38.835376,90.844122,60.512347,99.311116,1.489792,-42.281854,-50.934397,-52.008747,-38.798769
83377b6d9a,gemma3-12b,scifact,g24a_scifact_399,g24a_scifact_400,-22.368034,-44.452001,-24.292886,-0.001729,11.145642,11.527485,11.119586,11.527401,66.650467,22.636787,22.083968,-24.291157,-0.381844,-0.407815,44.01368
83377b6d9a,llama31-8b,scifact,g24a_scifact_399,g24a_scifact_400,-1.140661,3.496761,-46.902519,-38.933465,26.979878,30.439529,29.26746,26.409071,62.080996,38.583656,-4.637422,-7.969054,-3.459651,2.858389,23.49734
83377b6d9a,mistral-small-24b,scifact,g24a_scifact_399,g24a_scifact_400,-72.018658,-39.015213,-72.969019,-38.266104,19.993943,55.558961,19.884479,55.193762,68.672588,61.583963,-33.003444,-34.702915,-35.565018,-35.309283,7.088625
83377b6d9a,qwen3-8b,scifact,g24a_scifact_399,g24a_scifact_400,0.021397,0.0,-99.989877,-0.0,22.087353,0.0,22.233492,0.0,77.756385,0.0,0.021397,-99.989877,22.087353,22.233492,77.756385
83377b6d9a,qwen35-9b,scifact,g24a_scifact_399,g24a_scifact_400,-4.682597,0.007899,-95.045502,-3.191723,8.79805,5.95195,8.387374,3.698264,90.204652,6.005137,-4.690496,-91.853779,2.8461,4.68911,84.199516
8ac8ca9fc8,gemma3-12b,fever,g24a_fever_33739,g24a_fever_78778,-38.304032,-0.000135,-34.509361,4.3e-05,38.328127,55.552034,34.306331,55.551998,55.425411,55.552111,-38.303897,-34.509404,-17.223907,-21.245667,-0.126701
8ac8ca9fc8,llama31-8b,fever,g24a_fever_33739,g24a_fever_78778,2.089587,-25.265716,-60.466653,-40.795816,89.719603,39.950804,94.121916,44.144736,1.435955,50.228082,27.355303,-19.670837,49.768798,49.97718,-48.792127
8ac8ca9fc8,mistral-small-24b,fever,g24a_fever_33739,g24a_fever_78778,-85.49989,-42.987608,-72.967388,-26.87824,95.42028,27.356222,96.191029,27.370244,1.491895,27.447524,-42.512282,-46.089149,68.064057,68.820785,-25.955629
8ac8ca9fc8,qwen3-8b,fever,g24a_fever_33739,g24a_fever_78778,-10.928012,-3.732707,-43.234429,21.823281,99.585219,100.0,99.999814,78.176241,1e-06,100.0,-7.195305,-65.05771,-0.414781,21.823573,-99.999999
8ac8ca9fc8,qwen35-9b,fever,g24a_fever_33739,g24a_fever_78778,-0.242505,0.130909,-77.467775,-1.524241,2.193559,7.259517,2.086641,7.301225,97.590771,8.243395,-0.373414,-75.943534,-5.065957,-5.214584,89.347377
8c9981f4b9,gemma3-12b,scifact,g24a_scifact_536,g24a_scifact_537,0.000386,44.773137,-33.665289,35.916712,22.322883,-22.890194,22.188025,-22.888178,66.544643,65.998155,-44.772751,-69.582001,45.213077,45.076204,0.546488
8c9981f4b9,llama31-8b,scifact,g24a_scifact_536,g24a_scifact_537,0.339534,0.801783,-40.242053,46.000041,1.778237,-34.354371,6.451057,-37.462801,89.341432,55.286004,-0.462249,-86.242094,36.132608,43.913857,34.055428
8c9981f4b9,mistral-small-24b,scifact,g24a_scifact_536,g24a_scifact_537,-50.47512,-2.190686,-76.489448,0.484068,22.454604,59.40145,19.548285,59.259949,72.298511,60.26677,-48.284434,-76.973516,-36.946846,-39.711664,12.031742
8c9981f4b9,qwen3-8b,scifact,g24a_scifact_536,g24a_scifact_537,1.4e-05,7.08875,-9.466525,0.035257,77.525356,-22.249628,77.52537,-22.249628,22.474629,77.750372,-7.088737,-9.501782,99.774984,99.774998,-55.275743
8c9981f4b9,qwen35-9b,scifact,g24a_scifact_536,g24a_scifact_537,-98.484038,69.150319,-89.690227,98.947647,11.436664,-10.400742,12.297015,-10.371554,87.075726,88.650077,-167.634357,-188.637874,21.837405,22.668569,-1.574351
8cc84fdc4b,gemma3-12b,fever,g24a_fever_166919,g24a_fever_166951,-20.293393,-0.058852,-10.801822,0.035223,76.52849,55.538555,76.885251,55.503322,23.056743,55.538592,-20.234541,-10.837045,20.989935,21.38193,-32.481849
8cc84fdc4b,llama31-8b,fever,g24a_fever_166919,g24a_fever_166951,-0.681704,1.860667,-76.802822,6.729773,56.448399,41.96348,57.898408,37.756947,34.40392,55.01318,-2.542371,-83.532595,14.484919,20.141461,-20.60926
8cc84fdc4b,mistral-small-24b,fever,g24a_fever_166919,g24a_fever_166951,-70.662304,-64.072081,-84.325733,-76.040448,81.432211,10.313129,82.250819,10.335796,15.179163,10.633821,-6.590223,-8.285284,71.119082,71.915023,4.545342
8cc84fdc4b,qwen3-8b,fever,g24a_fever_166919,g24a_fever_166951,-0.043763,0.0,-0.378962,-0.000194,67.46485,99.996274,67.46485,99.996273,32.53515,99.996274,-0.043763,-0.378768,-32.531423,-32.531423,-67.461124
8cc84fdc4b,qwen35-9b,fever,g24a_fever_166919,g24a_fever_166951,-0.648103,-5.709081,-62.484336,-24.951775,1.823086,-4.0138,0.744005,8.200704,96.902464,24.276246,5.060977,-37.532561,5.836886,-7.4567,72.626218
9909d08591,gemma3-12b,fever,g24a_fever_23198,g24a_fever_40778,-0.00607,99.904094,-0.036968,99.996262,44.452638,-10.601067,44.452987,-10.692656,55.546274,89.303613,-99.910164,-100.03323,55.053705,55.145643,-33.757339
9909d08591,llama31-8b,fever,g24a_fever_23198,g24a_fever_40778,-74.392677,4.718826,-35.242355,33.827682,3.685637,5.858546,5.187948,-0.342367,94.053961,98.794734,-79.111503,-69.070037,-2.172909,5.530315,-4.740773
9909d08591,mistral-small-24b,fever,g24a_fever_23198,g24a_fever_40778,-67.273781,0.012197,-72.909129,-2.356084,87.62957,97.332978,87.464779,97.339411,12.273204,97.387208,-67.285978,-70.553045,-9.703408,-9.874631,-85.114004
9909d08591,qwen3-8b,fever,g24a_fever_23198,g24a_fever_40778,-0.0,18.655261,-0.000396,0.937966,9e-06,0.021491,9e-06,42.875975,99.999991,100.0,-18.655261,-0.938362,-0.021482,-42.875966,-9e-06
9909d08591,qwen35-9b,fever,g24a_fever_23198,g24a_fever_40778,0.366836,-0.205464,-96.519038,-7.081418,87.907418,7.341124,87.742652,7.377172,11.720087,8.275813,0.5723,-89.437619,80.566294,80.36548,3.444274
a19309c246,gemma3-12b,fever,g24a_fever_203627,g24a_fever_203614,-0.020556,-0.004446,-44.519006,-8.523836,11.10963,98.934651,11.109231,98.937196,88.890256,98.94056,-0.01611,-35.99517,-87.825021,-87.827965,-10.050304
a19309c246,llama31-8b,fever,g24a_fever_203627,g24a_fever_203614,-0.386404,-12.42977,-0.190055,6.860468,-0.176868,62.306175,-0.24092,63.531576,99.947925,75.564233,12.043366,-7.050523,-62.483043,-63.772495,24.383692
a19309c246,mistral-small-24b,fever,g24a_fever_203627,g24a_fever_203614,-1.70093,-21.647015,-94.98219,-28.761477,99.428213,91.60258,99.452019,91.649226,0.472169,91.730601,19.946085,-66.220713,7.825632,7.802793,-91.258431
a19309c246,qwen3-8b,fever,g24a_fever_203627,g24a_fever_203614,-0.0,33.782601,-0.522025,-99.999954,99.999984,66.217398,99.999984,99.999963,1.6e-05,100.0,-33.782601,99.477929,33.782586,2.2e-05,-99.999984
a19309c246,qwen35-9b,fever,g24a_fever_203627,g24a_fever_203614,0.019757,2.759538,-97.218396,-2.824017,6.438553,95.818215,6.159815,96.903454,93.231079,98.593232,-2.739781,-94.394379,-89.379662,-90.74364,-5.362153
a1d8bd2633,gemma3-12b,scifact,g24a_scifact_5,g24a_scifact_2,-13.134612,-46.774224,-33.169997,-43.825279,52.570381,25.544065,52.366126,23.07878,36.322943,34.180837,33.639613,10.655283,27.026315,29.287346,2.142106
a1d8bd2633,llama31-8b,scifact,g24a_scifact_5,g24a_scifact_2,4.914253,41.564489,-65.562556,41.046312,14.579655,-17.382951,21.055329,-24.476404,53.484486,62.900787,-36.650236,-106.608868,31.962606,45.531733,-9.416301
a1d8bd2633,mistral-small-24b,scifact,g24a_scifact_5,g24a_scifact_2,-55.62959,-15.297345,-75.126254,-25.903333,55.587045,67.07309,54.644589,68.845128,35.638596,75.871537,-40.332244,-49.222921,-11.486045,-14.200539,-40.232941
a1d8bd2633,qwen3-8b,scifact,g24a_scifact_5,g24a_scifact_2,-0.009291,-0.000324,-9.464382,0.0,96.327891,54.497226,96.326963,54.497226,3.671277,54.497226,-0.008967,-9.464382,41.830665,41.829737,-50.825949
a1d8bd2633,qwen35-9b,scifact,g24a_scifact_5,g24a_scifact_2,-72.615028,2.983193,-56.377208,3.647245,0.538672,-6.672632,6.303384,4.648128,89.939376,8.65796,-75.59822,-60.024454,7.211304,1.655257,81.281416
a8fc3392e2,gemma3-12b,scifact,g24a_scifact_1040,g24a_scifact_1041,-22.395818,-4.450918,-64.349533,43.969691,0.152636,-5.578876,0.664058,-10.34852,77.781111,67.334289,-17.9449,-108.319223,5.731511,11.012578,10.446822
a8fc3392e2,llama31-8b,scifact,g24a_scifact_1040,g24a_scifact_1041,-0.510739,-13.1235,-41.649613,3.213506,-0.155595,-4.345589,1.32937,-24.024012,88.227985,64.426985,12.61276,-44.863119,4.189995,25.353382,23.801
a8fc3392e2,mistral-small-24b,scifact,g24a_scifact_1040,g24a_scifact_1041,-50.785345,-23.779597,-79.400074,-14.320565,10.703808,51.660012,12.587678,42.547897,75.852256,65.152723,-27.005748,-65.079508,-40.956204,-29.960219,10.699533
a8fc3392e2,qwen3-8b,scifact,g24a_scifact_1040,g24a_scifact_1041,-9.536412,17.645082,-38.445642,24.366286,-19.500415,40.068424,-7.488744,31.964364,96.435318,88.046044,-27.181494,-62.811928,-59.56884,-39.453108,8.389274
a8fc3392e2,qwen35-9b,scifact,g24a_scifact_1040,g24a_scifact_1041,-64.498288,-33.132014,-61.040815,-16.215191,70.142105,-1.870657,63.459303,-2.123082,15.718498,18.674661,-31.366274,-44.825624,72.012762,65.582385,-2.956163
b4210ea945,gemma3-12b,fever,g24a_fever_214973,g24a_fever_214989,-44.103153,-0.0992,-6.842148,-6.598106,20.322191,55.531766,20.421159,47.408785,79.422489,55.531879,-44.003952,-0.244042,-35.209575,-26.987626,23.89061
b4210ea945,llama31-8b,fever,g24a_fever_214973,g24a_fever_214989,-42.783029,6.954984,-44.984003,-29.022357,54.361239,89.534702,61.22503,87.387751,34.527698,96.646546,-49.738013,-15.961646,-35.173463,-26.162721,-62.118848
b4210ea945,mistral-small-24b,fever,g24a_fever_214973,g24a_fever_214989,-83.892108,-30.819479,-82.254809,-11.490319,85.619173,13.128679,85.69399,13.673576,14.176005,19.259988,-53.072629,-70.764489,72.490494,72.020414,-5.083983
b4210ea945,qwen3-8b,fever,g24a_fever_214973,g24a_fever_214989,-21.553649,-0.0,-66.656802,0.0,44.443918,55.555642,44.443912,55.555642,55.556081,55.555642,-21.553649,-66.656802,-11.111724,-11.111731,0.000439
b4210ea945,qwen35-9b,fever,g24a_fever_214973,g24a_fever_214989,-0.241131,-0.687696,-97.669599,-9.982816,0.565836,23.326,0.363464,22.577712,99.088969,24.013934,0.446565,-87.686783,-22.760164,-22.214248,75.075036
b659bb4463,gemma3-12b,scifact,g24a_scifact_779,g24a_scifact_778,-4.609425,7.79709,-0.100721,10.740308,27.078164,55.913433,22.335538,55.913392,66.675426,66.698997,-12.406516,-10.841028,-28.835269,-33.577854,-0.023571
b659bb4463,llama31-8b,scifact,g24a_scifact_779,g24a_scifact_778,-4.055113,1.790879,-8.13557,18.648354,13.27944,-19.144034,9.60498,-19.691025,83.151315,72.432394,-5.845993,-26.783924,32.423474,29.296004,10.718921
b659bb4463,mistral-small-24b,scifact,g24a_scifact_779,g24a_scifact_778,-86.906613,3.003301,-86.219664,-28.791135,44.854003,46.464215,44.846132,54.062878,54.715785,54.561655,-89.909914,-57.428529,-1.610212,-9.216746,0.15413
b659bb4463,qwen3-8b,scifact,g24a_scifact_779,g24a_scifact_778,0.0,-7e-06,0.0,-0.000103,0.414743,86.41559,0.414743,86.41559,99.585257,86.41559,7e-06,0.000103,-86.000847,-86.000847,13.169666
b659bb4463,qwen35-9b,scifact,g24a_scifact_779,g24a_scifact_778,-0.012897,0.263351,-95.596319,-0.496719,0.080815,98.275608,1.030329,98.763732,98.101746,98.772385,-0.276248,-95.099599,-98.194793,-97.733403,-0.670639
c048fb5c27,gemma3-12b,fever,g24a_fever_216389,g24a_fever_216390,-32.515371,-3e-06,-0.07701,-6e-06,28.889091,55.471232,28.901837,55.471243,60.044909,55.471252,-32.515368,-0.077004,-26.582141,-26.569406,4.573657
c048fb5c27,llama31-8b,fever,g24a_fever_216389,g24a_fever_216390,-0.992963,0.503748,-33.784469,12.882961,5.93803,-5.175919,6.136975,-12.804653,83.369334,3.594467,-1.496711,-46.66743,11.113949,18.941627,79.774867
c048fb5c27,mistral-small-24b,fever,g24a_fever_216389,g24a_fever_216390,-86.256635,-34.005626,-71.89732,-38.987177,10.845566,-2.966852,10.622203,-2.230821,88.707845,1.446717,-52.251009,-32.910143,13.812418,12.853024,87.261128
c048fb5c27,qwen3-8b,fever,g24a_fever_216389,g24a_fever_216390,0.842342,-0.0,-20.182735,0.0,40.61523,-0.0,41.448098,-0.0,58.54178,0.0,0.842342,-20.182735,40.61523,41.448098,58.54178
c048fb5c27,qwen35-9b,fever,g24a_fever_216389,g24a_fever_216390,-0.814338,0.023433,-92.948852,1.095627,1.052258,5.009939,0.832364,3.812892,97.875071,5.069478,-0.83777,-94.044479,-3.957681,-2.980529,92.805593
c598c8dbb1,gemma3-12b,fever,g24a_fever_124341,"g24a_fever_47792,g24a_fever_141838",-10.946225,-27.6492,-0.152827,6.47233,33.143215,63.08176,33.234791,52.214382,66.761475,63.207661,16.702976,-6.625156,-29.938545,-18.979591,3.553814
c598c8dbb1,llama31-8b,fever,g24a_fever_124341,"g24a_fever_47792,g24a_fever_141838",-4.771202,-16.752064,-41.660626,-15.792151,3.611246,87.170048,1.189481,87.39348,92.468454,95.714191,11.980863,-25.868475,-83.558802,-86.203999,-3.245736
c598c8dbb1,mistral-small-24b,fever,g24a_fever_124341,"g24a_fever_47792,g24a_fever_141838",-50.437408,-37.486864,-62.077325,-32.872927,12.80575,56.045617,12.957446,59.204148,85.877332,62.2798,-12.950544,-29.204397,-43.239867,-46.246702,23.597532
c598c8dbb1,qwen3-8b,fever,g24a_fever_124341,"g24a_fever_47792,g24a_fever_141838",-0.0,28.115603,-0.002279,28.569761,0.002902,71.884396,0.002902,71.430239,99.997098,99.999999,-28.115604,-28.57204,-71.881494,-71.427336,-0.002902
c598c8dbb1,qwen35-9b,fever,g24a_fever_124341,"g24a_fever_47792,g24a_fever_141838",1.428372,-1.15816,-57.313092,-22.182816,-0.54678,68.454957,-0.981229,63.746133,97.212549,74.76999,2.586533,-35.130275,-69.001736,-64.727362,22.442559
c963114af9,gemma3-12b,fever,g24a_fever_66842,g24a_fever_68337,-44.458122,1.110188,-44.436821,-44.401106,44.823853,54.215367,44.792334,44.419019,55.172411,55.547815,-45.568309,-0.035714,-9.391513,0.373316,-0.375404
c963114af9,llama31-8b,fever,g24a_fever_66842,g24a_fever_68337,-0.080737,-56.414712,-40.102816,-9.717408,-0.466225,16.140357,2.807782,-14.259649,90.503072,48.936941,56.333976,-30.385409,-16.606582,17.067431,41.566131
c963114af9,mistral-small-24b,fever,g24a_fever_66842,g24a_fever_68337,-63.185506,-39.121637,-72.650426,-40.280666,64.346838,15.585905,64.564245,15.581164,35.350264,15.652457,-24.063869,-32.36976,48.760934,48.98308,19.697807
c963114af9,qwen3-8b,fever,g24a_fever_66842,g24a_fever_68337,-1e-06,49.5091,-89.334122,20.615466,1.622647,-49.5091,1.622647,-59.100603,98.377353,0.0,-49.509101,-109.949587,51.131747,60.72325,98.377353
c963114af9,qwen35-9b,fever,g24a_fever_66842,g24a_fever_68337,-0.001261,0.490924,-67.635526,-38.676281,95.575874,28.604567,95.256093,29.460802,3.279123,31.249344,-0.492185,-28.959245,66.971307,65.795291,-27.970221
ce47287f7f,gemma3-12b,fever,g24a_fever_105216,g24a_fever_148263,-1.216828,-4.648229,-34.65652,-0.733338,11.086572,28.181941,1.307826,30.151053,88.905535,83.333323,3.431401,-33.923182,-17.095369,-28.843226,5.572212
ce47287f7f,llama31-8b,fever,g24a_fever_105216,g24a_fever_148263,4.235652,9.318517,82.175326,0.927914,0.39872,-6.799375,-71.8986,2.479768,86.373031,90.783805,-5.082865,81.247412,7.198095,-74.378368,-4.410774
ce47287f7f,mistral-small-24b,fever,g24a_fever_105216,g24a_fever_148263,-51.023047,-46.3335,-32.003504,-11.789901,94.44517,39.615739,91.325186,37.25332,1.22827,47.140767,-4.689547,-20.213603,54.829431,54.071866,-45.912497
ce47287f7f,qwen3-8b,fever,g24a_fever_105216,g24a_fever_148263,99.753785,15.991604,100.0,7.483203,0.00454,13.748322,-0.0,33.404001,0.0,77.868321,83.762181,92.516797,-13.743782,-33.404001,-77.868321
ce47287f7f,qwen35-9b,fever,g24a_fever_105216,g24a_fever_148263,99.887633,49.275172,97.915617,54.376058,-97.381987,12.439687,-97.312863,1.567297,97.425131,98.925924,50.612461,43.539559,-109.821674,-98.88016,-1.500793
e6af48c413,gemma3-12b,scifact,g24a_scifact_137,g24a_scifact_138,61.668722,-44.643167,-35.335521,4.446122,-41.564775,56.100908,30.682498,55.848022,57.538776,66.544422,106.31189,-39.781643,-97.665683,-25.165524,-9.005646
e6af48c413,llama31-8b,scifact,g24a_scifact_137,g24a_scifact_138,-1.774781,0.643285,-45.015851,-25.858744,35.854213,71.80681,40.505693,77.26602,53.473899,87.357225,-2.418067,-19.157106,-35.952597,-36.760328,-33.883326
e6af48c413,mistral-small-24b,scifact,g24a_scifact_137,g24a_scifact_138,-51.738436,-37.358294,-37.611401,-9.362293,70.286746,65.778427,65.680427,64.314685,16.334953,76.04827,-14.380141,-28.249108,4.508319,1.365742,-59.713317
e6af48c413,qwen3-8b,scifact,g24a_scifact_137,g24a_scifact_138,-22.346537,0.008895,-98.192557,21.184948,34.450847,55.619652,33.332802,34.443599,65.022122,55.628549,-22.355432,-119.377505,-21.168805,-1.110798,9.393572
e6af48c413,qwen35-9b,scifact,g24a_scifact_137,g24a_scifact_138,-0.558534,-0.668823,-55.289405,-0.010182,5.969417,19.405579,5.398167,15.882144,93.333998,20.721,0.11029,-55.279223,-13.436162,-10.483977,72.612998
ec9e00037c,gemma3-12b,fever,g24a_fever_102540,g24a_fever_103545,-42.409211,-55.535704,-44.336947,-55.424868,42.420332,55.538047,44.325229,55.545821,55.552686,55.552786,13.126493,11.087922,-13.117716,-11.220593,-0.0001
ec9e00037c,llama31-8b,fever,g24a_fever_102540,g24a_fever_103545,-31.901463,-0.297432,-40.44912,5.187299,32.772409,78.513766,35.08387,81.311383,56.115671,87.142002,-31.60403,-45.636419,-45.741357,-46.227513,-31.026331
ec9e00037c,mistral-small-24b,fever,g24a_fever_102540,g24a_fever_103545,-66.229448,-32.63633,-53.583076,-6.453248,53.109325,43.864879,47.659734,43.874349,45.279213,43.917177,-33.593118,-47.129829,9.244446,3.785385,1.362037
ec9e00037c,qwen3-8b,fever,g24a_fever_102540,g24a_fever_103545,66.532379,1.2e-05,-71.560713,-0.0,-6.390467,22.784265,60.237872,22.784277,39.740418,22.784277,66.532367,-71.560713,-29.174732,37.453595,16.956141
ec9e00037c,qwen35-9b,fever,g24a_fever_102540,g24a_fever_103545,20.27718,0.55121,-0.853338,-48.995668,10.67761,36.487436,32.695739,34.53884,13.067955,39.024836,19.72597,48.14233,-25.809826,-1.843102,-25.956881
efe5c764ce,gemma3-12b,fever,g24a_fever_224369,g24a_fever_224370,-22.81245,-0.005862,-0.002088,-0.004238,99.964293,99.997243,99.999378,99.997265,0.000364,99.997343,-22.806589,0.00215,-0.032949,0.002112,-99.99698
efe5c764ce,llama31-8b,fever,g24a_fever_224369,g24a_fever_224370,-4.797885,14.090011,34.489844,-34.521999,-23.797013,-13.370072,-26.527878,-8.491002,44.148349,1.062956,-18.887896,69.011843,-10.426941,-18.036877,43.085393
efe5c764ce,mistral-small-24b,fever,g24a_fever_224369,g24a_fever_224370,8.670502,-10.676479,-93.004229,-31.649211,-2.554579,97.575671,97.209139,97.696696,2.629419,97.858254,19.346982,-61.355018,-100.13025,-0.487557,-95.228835
efe5c764ce,qwen3-8b,fever,g24a_fever_224369,g24a_fever_224370,5.813408,-0.0,-99.994866,-0.0,40.135762,1e-06,99.86192,1e-06,0.137624,1e-06,5.813408,-99.994866,40.135761,99.861919,0.137622
efe5c764ce,qwen35-9b,fever,g24a_fever_224369,g24a_fever_224370,32.185703,0.87321,-54.764467,-26.690603,10.020651,7.164432,97.402347,8.056711,0.555985,8.080966,31.312493,-28.073865,2.856219,89.345637,-7.52498
f320cab67b,gemma3-12b,fever,g24a_fever_208414,g24a_fever_208433,-0.259157,-55.534276,-44.437141,4e-06,33.324765,99.995441,33.289673,99.995733,66.675067,99.99575,55.275119,-44.437145,-66.670675,-66.70606,-33.320683
f320cab67b,llama31-8b,fever,g24a_fever_208414,g24a_fever_208433,-2.118739,87.805908,-49.443123,-8.254198,57.513827,-83.79612,58.625738,-2.43636,41.145025,12.124682,-89.924647,-41.188925,141.309947,61.062097,29.020343
f320cab67b,mistral-small-24b,fever,g24a_fever_208414,g24a_fever_208433,-76.254848,-20.594547,-77.674043,-24.494343,47.528837,15.361715,47.577568,12.199192,52.113846,15.757956,-55.660301,-53.1797,32.167122,35.378376,36.35589
f320cab67b,qwen3-8b,fever,g24a_fever_208414,g24a_fever_208433,-0.0,-1e-05,-0.006144,-0.01353,0.0,100.0,0.0,100.0,100.0,100.0,1e-05,0.007386,-100.0,-100.0,-0.0
f320cab67b,qwen35-9b,fever,g24a_fever_208414,g24a_fever_208433,0.435555,-0.005115,-75.711457,-0.02258,6.555131,2.715429,6.168872,2.714643,93.001326,2.722379,0.44067,-75.688877,3.839702,3.454229,90.278947
f4d0aa5c71,gemma3-12b,scifact,g24a_scifact_501,g24a_scifact_500,-22.289184,-55.542536,-66.67791,-10.720933,55.452258,66.488063,55.389342,66.531671,22.377432,66.687948,33.253352,-55.956977,-11.035805,-11.142329,-44.310516
f4d0aa5c71,llama31-8b,scifact,g24a_scifact_501,g24a_scifact_500,-36.940813,-58.20932,-16.553935,-44.229599,45.531405,66.730852,45.063688,66.794145,43.357138,67.009453,21.268506,27.675663,-21.199447,-21.730456,-23.652315
f4d0aa5c71,mistral-small-24b,scifact,g24a_scifact_501,g24a_scifact_500,-41.325741,-34.176068,-48.210225,-12.645188,72.866238,18.230365,78.969626,19.644485,14.475578,29.536082,-7.149673,-35.565037,54.635873,59.325141,-15.060504
f4d0aa5c71,qwen3-8b,scifact,g24a_scifact_501,g24a_scifact_500,-45.05468,-0.947397,-36.084154,19.814978,34.090563,33.944022,22.38264,35.704402,55.140863,55.534979,-44.107283,-55.899132,0.146541,-13.321762,-0.394116
f4d0aa5c71,qwen35-9b,scifact,g24a_scifact_501,g24a_scifact_500,-0.002161,-3.285072,-56.184268,-19.45708,93.949754,88.634228,93.17039,88.630626,6.016876,88.640671,3.282911,-36.727188,5.315526,4.539764,-82.623796
fa68f098d6,gemma3-12b,fever,g24a_fever_161222,g24a_fever_94603,-23.778698,-12.348147,-33.560862,-0.322401,22.460872,77.614434,22.317463,77.616691,66.666643,77.621575,-11.430551,-33.238461,-55.153562,-55.299228,-10.954932
fa68f098d6,llama31-8b,fever,g24a_fever_161222,g24a_fever_94603,-12.625396,11.769397,-36.049275,-38.892545,38.264155,38.721286,38.237378,42.41225,50.055067,51.117876,-24.394793,2.84327,-0.457131,-4.174872,-1.062809
fa68f098d6,mistral-small-24b,fever,g24a_fever_161222,g24a_fever_94603,-85.811083,-24.410412,-81.1181,3.470093,10.669642,77.946903,10.741953,76.696344,89.065403,82.701785,-61.400671,-84.588194,-67.277262,-65.954391,6.363618
fa68f098d6,qwen3-8b,fever,g24a_fever_161222,g24a_fever_94603,-15.668706,2e-06,-98.775588,0.007176,34.010431,51.700357,39.713383,51.693183,59.062206,51.700359,-15.668707,-98.782764,-17.689926,-11.979799,7.361847
fa68f098d6,qwen35-9b,fever,g24a_fever_161222,g24a_fever_94603,-1.825708,-0.002847,-64.940689,2.184298,4.014605,61.0549,3.178811,57.140227,93.98071,61.065391,-1.822862,-67.124986,-57.040295,-53.961417,32.915318
fe39679ee7,gemma3-12b,fever,g24a_fever_204015,g24a_fever_203996,-35.566676,-55.543875,1.182095,-54.002382,3.890341,55.564587,7.241872,54.241313,88.563227,55.568064,19.977198,55.184477,-51.674246,-46.999441,32.995162
fe39679ee7,llama31-8b,fever,g24a_fever_204015,g24a_fever_203996,-1.768197,-25.266469,-51.436831,-18.987498,16.566052,28.854418,19.857544,27.720251,77.135281,33.498677,23.498272,-32.449334,-12.288366,-7.862706,43.636603
fe39679ee7,mistral-small-24b,fever,g24a_fever_204015,g24a_fever_203996,-79.017339,-29.743519,-61.996218,-29.218769,14.284233,15.850082,13.8578,15.857034,84.546921,15.904387,-49.27382,-32.777449,-1.565849,-1.999234,68.642534
fe39679ee7,qwen3-8b,fever,g24a_fever_204015,g24a_fever_203996,-3e-06,0.0,-0.11264,-0.003536,11.525902,63.085499,11.525902,63.085499,88.474098,63.085499,-3e-06,-0.109104,-51.559597,-51.559597,25.388599
fe39679ee7,qwen35-9b,fever,g24a_fever_204015,g24a_fever_203996,-0.006145,-10.320178,-72.465524,-17.368567,1.872686,34.644212,1.868869,34.391944,98.12289,37.958229,10.314033,-55.096957,-32.771526,-32.523074,60.164661
