seed_rank,active_200,cfb_id,case_id,split,first_lineno,page,claim_sha,claim,evidence_s,evidence_r
280,no,g24cfb_280,5ec284ffc9e77c0008417d4c,train,65451,Anubis,174908607e82,Ancient Egyptian texts about Anubis refer to the deity as having a dog 's head .,"Furthermore ancient Egyptian texts about Anubis constantly refer to the deity as having a dog 's head , not jackal or wolf , and there is still uncertainty as to what canid represents Anubis .","Furthermore ancient Greek texts about Anubis constantly refer to the deity as having a dog 's head , not jackal or wolf , and there is still uncertainty as to what canid represents Anubis ."
281,no,g24cfb_281,5eb29884c9e77c0008d924b9,train,9770,Devin Smith -LRB-American football-RRB-,a23dd9a444b7,Devin Smith is a player for the New York Jest .,"Devin Smith ( born March 3 , 1992 ) is an American football wide receiver for the New York Jets of the National Football League ( NFL ) .","Devin Smith ( born March 3 , 1992 ) is an American football wide receiver who is currently a free agent ."
282,no,g24cfb_282,5ec284fec9e77c00084177c2,train,99538,Receptor -LRB-biochemistry-RRB-,cb0bec5303d8,Receptors are isolated from cell membranes .,"Receptors are isolated from cell membranes by complex extraction procedures using solvents , detergents , and/or affinity purification.","Membrane receptors are isolated from cell membranes by complex extraction procedures using solvents , detergents , and/or affinity purification."
283,no,g24cfb_283,5ebe6f2ec9e77c0008407d09,test,5528,The Walking Dead-COLON- A New Frontier,9ee3164b8cb0,The Walking Dead : A New Frontier received positive reviews .,"The Walking Dead : A New Frontier received positive reviews with many critics praising its new cast of characters , action sequences , updated graphics , and its new direction in its storytelling , although many have criticized the short episode lengths and the treatment of the Season Two endings.","The Walking Dead : A New Frontier received mixed reviews with many critics praising its new cast of characters , action sequences , updated graphics , and its new direction in its storytelling , although many have criticized the short episode lengths and the treatment of the Season Two endings."
284,no,g24cfb_284,5ec7d50dc9e77c00084420f4,train,176296,Rise of the Planet of the Apes,f853b697e170,The character Koba from the film Rise of the Planet of the Apes is an ape .,"After attempting to test the drug on Koba , an elder ape who had been a test subject his whole life , Franklin becomes exposed to the new drug and becomes ill .","After attempting to test the drug on Koba , a bonobo who had been a test subject his whole life , Franklin becomes exposed to the new drug and becomes ill ."
285,no,g24cfb_285,5ede072fc9e77c00084d2c32,train,152238,Geostorm,3a07129c19d4,"In the film Geostorm , without permission Jack Lawson mistakenly insults software engineer Duncan Taylor and is cautioned by a Senate sub-committee .","After Dutch Boy neutralizes a typhoon in Shanghai , a Senate sub-committee reprimands chief architect Jake Lawson for insulting software engineer Duncan Taylor ( accidentally , but without authorization ) and replaces him with his brother Max , who works under Secretary of State Leonard Dekkom .","After Dutch Boy neutralizes a typhoon in Shanghai , a Senate sub-committee reprimands chief architect Jake Lawson because he brought „ Dutch Boy “ online ( without authorization ) and replaces him with his brother Max , who works under Secretary of State Leonard Dekkom ."
286,no,g24cfb_286,5ec5598ec9e77c000842c819,dev,11146,Filip Benković,101a4197efc6,Filip Benković plays for Leicester City .,Filip Benković ( born 13 July 1997 ) is a Croatian professional footballer who plays as a centre-back for Leicester City.,Filip Benković ( born 13 July 1997 ) is a Croatian professional footballer who plays as a centre-back for Celtic.
287,no,g24cfb_287,5ed4de08c9e77c000848a567,dev,26444,Tremaine Edmunds,e5730be1d056,Tremaine Edmund 's brother Trey plays for the New Orleans Saints .,Trey plays in the NFL for the New Orleans Saints and Terrell was also drafted in the 2018 NFL Draft in the first round by the Pittsburgh Steelers .,Trey plays in the NFL on the practice squad for the Pittsburgh Steelers and Terrell was also drafted in the 2018 NFL Draft in the first round by the Pittsburgh Steelers .
288,no,g24cfb_288,5ebe6f2fc9e77c0008407e0c,train,45185,Shannon Leto,63f606c695f1,Shannon Leto co-founded the group with his brother Jared .,"He co-founded the group in 1998 in Los Angeles , California , with his younger brother Jared .","He co-founded the group in 1998 with sharon jennings as a stand in drummer in Los Angeles , California , with his younger brother Jared ."
289,no,g24cfb_289,5eb9573bc9e77c0008fa1a4c,test,3491,England national football team manager,3ce87d08bc79,The England national football team managerial post has been held by 18 men .,"Eighteen men have occupied the post since its inception ; four of those were in short-term caretaker manager roles : Joe Mercer ( seven games in charge ) , Howard Wilkinson ( two games , a year apart from one another ) , Peter Taylor ( one game ) and Stuart Pearce ( one game ) .","Nineteen men have occupied the post since its inception ; four of those were in short-term caretaker manager roles : Joe Mercer ( seven games in charge ) , Howard Wilkinson ( two games , a year apart from one another ) , Peter Taylor ( one game ) and Stuart Pearce ( one game ) ."
290,no,g24cfb_290,5ee39418c9e77c0008ccf141,train,238967,Los Angeles,453202b516ef,Only one city in the United States has a higher population than Los Angeles .,"Los Angeles ( ; ) , officially the City of Los Angeles and often known by its initials L.A. , is the most populous city in California , the second most populous city in the United States , after New York City , and the third most populous city in North America .","Los Angeles ( ; ) , officially the City of Los Angeles and often known by its initials L.A. , is the most populous city in California , the eighth most populous city in the United States , after New York City , and the third most populous city in North America ."
291,no,g24cfb_291,5eb9573bc9e77c0008fa1a37,test,3479,Jamie Vardy,54e9b913bc7c,The rumoured feud between Vardy and Gyan was denied by Kwesi Appiah .,"During the tournament , there were media rumours of a feud between Vardy and fellow striker Gyan , which were denied by manager Kwesi Appiah .","During the tournament , there were media rumours of a feud between Vardy and fellow striker Rooney , which were denied by manager Roy Hodgson ."
292,no,g24cfb_292,5ec284fec9e77c000841749b,train,114618,Yesterday -LRB-2019 film-RRB-,82c9d23eea8b,The film Yesterday was reviewed by 41 critics .,"On Metacritic , the film has a weighted average score of 55 out of 100 , based on 41 critics , indicating `` mixed or average reviews '' .","On Metacritic , the film has a weighted average score of 55 out of 100 , based on 42 critics , indicating `` mixed or average reviews '' ."
293,no,g24cfb_293,5ee3932cc9e77c0008ccabed,train,210905,2020 coronavirus pandemic in Tamil Nadu,6c01bf96e8d6,"In Tamil Nadu , less than four districts are coronavirus free .","34 of the 37 districts are affected , with Chennai and Coimbatore being the worst-hit districts .","34 of the 38 districts are affected , with Chennai and Coimbatore being the worst-hit districts ."
294,no,g24cfb_294,5ed4de07c9e77c000848a041,dev,21805,London Calling,9502c1376c22,The Clash performed at The Palladium before 21 September 1979 during their Take the Fifth tour .,against the stage at The Palladium in New York City on 20 September 1979 during the Clash Take the Fifth US tour .,against the stage at The Palladium in New York City on 21 September 1979 during the Clash Take the Fifth US tour .
295,no,g24cfb_295,5ec7d50ec9e77c0008442672,dev,10946,Eric Berry,504e60c39ae7,Eric Berry was signed by the Cleveland Browns in early 2019 .,"Berry was signed by the Cleveland Browns on March 26 , 2019.","Berry was signed by the Green Bay Packers on March 26 , 2019."
296,no,g24cfb_296,5ebbf32bc9e77c0009295095,train,36130,Chris Simms,f65cf4d7f40b,"Chris Simms has two children , a girl and a boy .","In 2006 , Danielle gave birth to a girl and gave birth to a boy in 2010.Simms was arrested in July 2010 and charged with driving while intoxicated , but was acquitted at trial in May 2011 .","In 2006 , Danielle gave birth to Charlotte and gave birth to Philip in 2010.Simms was arrested in July 2010 and charged with driving while intoxicated , but was acquitted at trial in May 2011 ."
297,no,g24cfb_297,5eb29889c9e77c0008d944ac,train,25469,Black Summer -LRB-TV series-RRB-,0f3700212590,"In the Black Water series , the band was under four evacuees .","The three band together , while Barbara and a group of other unknown evacuees drive away .","The four band together , while Barbara and a group of other unknown evacuees drive away ."
298,no,g24cfb_298,5ed4de06c9e77c0008489c9d,train,140749,Carrefour,d281b079ec91,Carrefour Supermarket is the largest retailer in Brazil .,"; BrazilCarrefour Brasil ( which is the biggest market outside France ) was founded in 1975 and today it is the major supermarkets chain in Brazil under competition with Groupe Casino , Walmart and others , and currently it sells more than","; BrazilCarrefour Brasil ( which is the biggest market outside France ) was founded in 1975 and today it is the second major supermarkets chain in Brazil under competition with Groupe Casino , Walmart and others , and currently it sells mo"
299,no,g24cfb_299,5ed7ad00c9e77c00084a5da4,train,158100,Iron Bowl,ce10af6fed5e,Alabama holds the first place at the Iron Bowl series .,Alabama leads the series 45–35–1 .,Aurburn leads the series 45–35–1 .
300,no,g24cfb_300,5eafed80c9e77c0009ce141c,train,125228,Free State of Jones -LRB-film-RRB-,b06603cfbef9,"After the release , the movie had either unfavorable or ambiguous reviews .","The film was released in the United States by STX Entertainment on June 24 , 2016 and received mixed-to-negative reviews.","The film was released in the United States by STX Entertainment on June 24 , 2016 and received mixed reviews."
301,no,g24cfb_301,5ec5598ec9e77c000842c6f0,train,76491,Dulwich Hamlet F.C.,a5121821535b,Dulwich Hamlet F.C . play at Champion Hill .,They are members of the Premier Division of the Isthmian League and play at Champion Hill.,They are members of the Premier Division of the Isthmian League and temporarily play at Imperial Fields in Mitcham after property developers terminated their lease at their Champion Hill ground.
302,no,g24cfb_302,5ee39417c9e77c0008cce125,train,230421,Audrey Hepburn,cfb00fe3ed1a,Audrey Hepburn 's birth name is Audrey Kathleen Ruston .,"Audrey Hepburn ( born Audrey Kathleen Ruston ; 4 May 192920 January 1993 ) was a British actress , model , dancer and humanitarian .","Audrey Hepburn ( born Edda Kathleen van Heemstra Hepburn-Ruston ; May 4 , 1929 , Ixelles , Brussels , Belgium — died January 20 , 1993 , Tolochenaz , Switzerland ) , was an actress , model , dancer and humanitarian ."
303,no,g24cfb_303,5ee393b7c9e77c0008cccb16,train,228259,2020 coronavirus pandemic in South Carolina,a18ec9bcad60,"Retailers shops must-have , as maximum , 5 customers for every square foot of space .",Retail businesses are required to have no more than 5 customers for every square feet of space .,"Retail businesses are required to have no more than 5 customers for every 1,000 square feet of space ."
